id,name
1,Sam
2,ATNuMvD7TNjuU8h0TaNB
3,mbKKNw7uPpRBJGZK7f6n
4,yrcZBtHOCCgJLJZyxpJz
5,0Hf1n9ES63KopIDVoHfh
6,quOJWyiHNgLsCAyIlXhV
7,zhuuOOle1Xuu8gKCU6Q3
8,hFghtSO8n7HsCEIsuJNd
9,JEprSk6gLBQQubdirEh7
10,g3lk904bdNOpulMdHC22
11,XKNK5ILG4M2iSbj1wkHc
12,rZQSf18LkRGBYTvy3PS7
13,hiDaeM7xyr6g9g9M7B0E
14,stXQTsm8Ta12hnkFaeFc
15,5z2SeGK0LCx2Hb2liLM8
16,AxpT1AVrbdyU9I5bALxX
17,VaGtSAzmwIw1jO2Vigcw
18,qcM3LQIB34dm99DIWKQY
19,rvWMcObWecpTjDdOLIm2
20,VcO2jSW5MDntorJQnwL2
21,Zj2hMpfLhC8cBFtMnOYu
22,5KzBOO89YDegZnkG9dGf
23,9TEPUXKA1ArmcSl3teXH
24,d2YhLWG3tdxFXCCSLley
25,qzT1BdMJhYhoI25C9W35
26,We0XIayHXsX8G9t6nOez
27,CD3fYI51uWBAPYX12QCA
28,wiB4x3jBrlTYgwtdgf9R
29,GT7xAHwYsldcSmP1iXpS
30,sPfv5oHRhvC8akQGEQAD
31,EWNgwEm91pv6muHcUxYh
32,SYfPF2hSObCZFXdFloDH
33,BLjEAuNTrIsup8KFwqPt
34,Gs94ikeDjqXCm3psg1is
35,Jol8oBIMPwEdgoLVur2X
36,E93OTrhWBqR1Sa4lc8Ma
37,HNGnqkAq7ldXYVGvku9U
38,KuKUhgVOpQNrGWQoGahJ
39,t71ipTIHh5LXjfmTcQND
40,vNYbVmvj2H5JzHoK5zqL
41,oGNyijWLoTnClWlvU3tJ
42,Kv9XcMAwDA5g1Zdg7NLE
43,Gc3y8Ew6fLSfqAqCPBgb
44,PGtOYSq54wYjlWSUP4oS
45,VjxNfeLfvqMNZEOsWwOD
46,FhNOjIWIFCH43bY9L8lP
47,cxzwnVKj4OnjPuCYBSic
48,ehtruV4wLLhBYYepPrgA
49,3Jaro324Y0wDx12V3BkB
50,TW3xLu8XpaDuRlKxJvAs
